username,Caseid
citizen113,1784207626663075
citizen111,1784207582247590
citizen112,1784206387555504
citizen113,1784206658952828
citizen111,1784206930291953
citizen112,1784208873525595
citizen113,1784208929956901
citizen111,1784208974440454
citizen112,1784209294411480
citizen111,1784206784126388
citizen112,1784207054078085
citizen113,1784206250536573
citizen111,1784206525203264
citizen112,1784206795954505
citizen113,1784207067968074
citizen111,1784206313039870
citizen112,1784206585429692
citizen113,1784206885530447
citizen111,1784207156517519
citizen111,1784208974440454
citizen112,1784208929956901
citizen113,1784208873525595
citizen111,1784208829458255
citizen112,1784208705890837
citizen113,1784208660200170
citizen111,1784208603993881
citizen112,1784208560670936
citizen113,1784208435480396
citizen111,1784208390957651
citizen112,1784208334621801
citizen113,1784208290918589
citizen111,1784208164725342
citizen112,1784208121488158
citizen113,1784208064480568
citizen111,1784208021348205
citizen112,1784207894163006
citizen113,1784207849464277
citizen111,1784207792443922
citizen112,1784207750186877