username,Caseid,Accesscode
citizen111,1784204008573998,G5G77WKJHPD5
citizen112,1784204149790477,93VE5C3CDR35
citizen113,1784204187903636,5EZTTHTW97WW
citizen114,1784204237484553,CV7JLXMXMFCM
citizen115,1784204283818605,7PJPF8K2H885
citizen111,1784204422488351,YEE2SEXFWPYT
citizen112,1784204460592304,LYAADK5WW2J4
citizen113,1784204507708202,EP7VD4ZFADCC
citizen114,1784204553445436,MATTW3ANBCTV
citizen115,1784204693186379,H2XH49AJBFY5
citizen111,1784204735676130,6KXBJYVZJN82
citizen112,1784204778920056,5LB8WTEPY7LJ
citizen113,1784204824444093,5JC282MBDGPB
citizen114,1784205006622323,4KCN9AF75E8N
citizen115,1784205050104079,PPXMY6V5S6FG
citizen111,1784205095092156,WA8S2BRST2JH
citizen112,1784205260219576,L9R8FH6LJ34V
citizen113,1784205276084873,W2ZTTTCN8JTD
citizen114,1784205320130169,74WNVC9492FP
citizen115,1784205364903281,T7SKYJJ4MJB5
citizen111,1784205673627522,HLCWVTVT3VXM
citizen112,1783698902473711 ,HH4DJZBPPGMF
citizen113,1783698840901492,MFGXMVDJEV63