email,Case number1,Case number2
PCS.CTSCADMIN_hearing19@justice.gov.uk,1785-9369-3468-0699,1785-9369-7588-7633
PCS.CTSCADMIN_hearing20@justice.gov.uk,1785-9382-0060-7836,1785-9384-2784-2075
PCS.CTSCADMIN_hearing19@justice.gov.uk,1785-9370-3095-6579,1785-9370-6237-2257
PCS.CTSCADMIN_hearing20@justice.gov.uk,1785-9384-8891-5695,1785-9385-1360-0601
PCS.CTSCADMIN_hearing19@justice.gov.uk,1785-9372-2388-3853,1785-9372-4285-1188
PCS.CTSCADMIN_hearing20@justice.gov.uk,1785-9385-5150-0259,1785-9386-0418-1511
PCS.CTSCADMIN_hearing19@justice.gov.uk,1785-9374-0340-8844,1785-9374-6864-3459
PCS.CTSCADMIN_hearing20@justice.gov.uk,1785-9386-4987-5820,1785-9386-8054-0952
PCS.CTSCADMIN_hearing19@justice.gov.uk,1785-9375-6233-8568,1785-9375-9565-0211
PCS.CTSCADMIN_hearing20@justice.gov.uk,1785-9387-4526-2923,1785-9388-6573-8801
PCS.CTSCADMIN_hearing19@justice.gov.uk,1785-9377-7632-5849,1785-9378-2874-6976
PCS.CTSCADMIN_hearing20@justice.gov.uk,1785-9389-4610-8289,1785-9390-1158-0865
PCS.CTSCADMIN_hearing19@justice.gov.uk,1785-9372-9670-7674,1785-9373-2895-1084
PCS.CTSCADMIN_hearing20@justice.gov.uk,1785-9391-3109-5851,1785-9392-1157-5368
PCS.CTSCADMIN_hearing19@justice.gov.uk,1785-9376-6887-9903,1785-9377-3481-1559
PCS.CTSCADMIN_hearing20@justice.gov.uk,1785-9393-4094-5623,1785-9393-9707-8864
PCS.CTSCADMIN_hearing19@justice.gov.uk,1785-9371-3714-8153,1785-9372-0191-2005
PCS.CTSCADMIN_hearing20@justice.gov.uk,1785-9395-4385-1149,1785-9396-0601-0534
PCS.CTSCADMIN_hearing19@justice.gov.uk,1785-9375-0915-9549,1785-9375-3965-0855
PCS.CTSCADMIN_hearing20@justice.gov.uk,1785-9397-1420-1983,1785-9397-4254-9858
PCS.CTSCADMIN_hearing20@justice.gov.uk,1785-4048-8516-3959,1785-4064-4677-3051
PCS.CTSCADMIN_hearing20@justice.gov.uk,1785-4236-4254-1380,1785-4245-5469-3334
PCS.CTSCADMIN_hearing19@justice.gov.uk,1785-4249-7173-4067,1785-4272-2433-2506
PCS.CTSCADMIN_hearing20@justice.gov.uk,1785-4272-8749-9259,1785-4273-4519-3225
PCS.CTSCADMIN_hearing19@justice.gov.uk,1785-4274-0991-9804,1785-4275-4347-2231
PCS.CTSCADMIN_hearing20@justice.gov.uk,1785-4276-3563-5315,1785-4278-1056-2052
PCS.CTSCADMIN_hearing19@justice.gov.uk,1785-4278-5616-1280,1785-4279-9871-1976
PCS.CTSCADMIN_hearing20@justice.gov.uk,1785-4281-0480-6486,1785-4282-6552-2427
PCS.CTSCADMIN_hearing19@justice.gov.uk,1785-4284-2472-8592,1785-4314-9428-9834
PCS.CTSCADMIN_hearing20@justice.gov.uk,1785-4320-2589-7137,1785-4341-9408-3804
PCS.CTSCADMIN_hearing19@justice.gov.uk,1785-4345-2390-8952,1785-4347-2861-1617
PCS.CTSCADMIN_hearing20@justice.gov.uk,1785-4348-5472-1040,1785-4349-5544-0102
PCS.CTSCADMIN_hearing19@justice.gov.uk,1785-4350-3390-0058,1785-4351-3062-5517
PCS.CTSCADMIN_hearing20@justice.gov.uk,1785-4351-6802-6356,1785-4352-4343-4245
PCS.CTSCADMIN_hearing19@justice.gov.uk,1785-4352-6917-0533,1785-4355-5144-1675
PCS.CTSCADMIN_hearing20@justice.gov.uk,1785-4356-5867-3980,1785-4357-4526-9883
PCS.CTSCADMIN_hearing19@justice.gov.uk,1785-4358-3515-1892,1785-4358-5098-4557
PCS.CTSCADMIN_hearing20@justice.gov.uk,1785-4359-6927-7810,1785-4361-3542-6471
PCS.CTSCADMIN_hearing19@justice.gov.uk,1785-4362-9866-1849,1785-4364-6427-3783
PCS.CTSCADMIN_hearing20@justice.gov.uk,1785-4376-7010-4325,1785-4378-1882-2465
PCS.CTSCADMIN_hearing19@justice.gov.uk,1785-4882-3567-1969,1785-4884-1220-9989
PCS.CTSCADMIN_hearing20@justice.gov.uk,1785-4885-6268-1821,1785-4886-8036-1181
PCS.CTSCADMIN_hearing19@justice.gov.uk,1785-4888-2867-1541,1785-4889-4559-9757
PCS.CTSCADMIN_hearing20@justice.gov.uk,1785-4892-1056-9970,1785-4893-1560-9242
PCS.CTSCADMIN_hearing19@justice.gov.uk,1785-4894-7516-8872,1785-4895-8013-9222
PCS.CTSCADMIN_hearing20@justice.gov.uk,1785-4896-8444-8362,1785-4897-9780-3446
PCS.CTSCADMIN_hearing19@justice.gov.uk,1785-5082-0239-8476,1785-5082-6180-8886
PCS.CTSCADMIN_hearing20@justice.gov.uk,1785-5083-2254-4611,1785-5084-4187-5136
PCS.CTSCADMIN_hearing19@justice.gov.uk,1785-5085-1455-7553,1785-5085-8210-2126
PCS.CTSCADMIN_hearing20@justice.gov.uk,1785-5086-3834-7329,1785-5089-4843-0989
PCS.CTSCADMIN_hearing19@justice.gov.uk,1785-5090-6549-0376,1785-5091-9103-0096
PCS.CTSCADMIN_hearing20@justice.gov.uk,1785-7667-6585-9884,1785-7677-0189-3318
PCS.CTSCADMIN_hearing19@justice.gov.uk,1785-7688-9994-6892,1785-7708-5106-3161
PCS.CTSCADMIN_hearing20@justice.gov.uk,1785-7718-6480-7867,1785-7732-9610-1570
PCS.CTSCADMIN_hearing19@justice.gov.uk,1785-7762-8647-4238,1785-7772-3675-3267
PCS.CTSCADMIN_hearing20@justice.gov.uk,1785-7781-9245-5624,1785-7785-7812-2855
PCS.CTSCADMIN_hearing19@justice.gov.uk,1785-7789-5775-0458,1785-7799-9883-7478
PCS.CTSCADMIN_hearing20@justice.gov.uk,1785-7814-6553-7425,1785-7817-9131-8748
PCS.CTSCADMIN_hearing19@justice.gov.uk,1785-8413-8098-6477,1785-8416-9629-4152
PCS.CTSCADMIN_hearing20@justice.gov.uk,1785-8426-6863-4201,1785-8475-9949-2330
PCS.CTSCADMIN_hearing19@justice.gov.uk,1785-8505-1789-5147,1785-8510-2979-4919
PCS.CTSCADMIN_hearing20@justice.gov.uk,1785-8552-7990-5679,1785-8556-2547-4362
PCS.CTSCADMIN_hearing19@justice.gov.uk,1785-8565-4075-2296,1785-8568-5758-2633
PCS.CTSCADMIN_hearing20@justice.gov.uk,1785-8571-8962-9472,1785-9294-1995-2030
PCS.CTSCADMIN_hearing19@justice.gov.uk,1785-9301-8684-3287,1785-9304-9445-3522
PCS.CTSCADMIN_hearing20@justice.gov.uk,1785-9308-1281-6632,1785-9342-8472-0397
PCS.CTSCADMIN_hearing19@justice.gov.uk,1785-9346-2067-0421,1785-9347-3919-7050
PCS.CTSCADMIN_hearing20@justice.gov.uk,1785-9348-5693-2305,1785-9349-1678-5479
PCS.CTSCADMIN_hearing19@justice.gov.uk,1785-9349-5157-6684,1785-9349-7662-9575
PCS.CTSCADMIN_hearing20@justice.gov.uk,1785-9350-1072-6954,1785-9350-9384-7099
PCS.CTSCADMIN_hearing19@justice.gov.uk,1785-9352-4503-7821,1785-9352-7764-6655
PCS.CTSCADMIN_hearing20@justice.gov.uk,1785-9353-9271-6409,1785-9354-5354-7230
PCS.CTSCADMIN_hearing20@justice.gov.uk,1785-9358-1086-7255,1785-9359-2465-9226
PCS.CTSCADMIN_hearing20@justice.gov.uk,1785-9362-5498-9209,1785-9362-5702-3154
PCS.CTSCADMIN_hearing19@justice.gov.uk,1785-9363-1298-0778,1785-9365-5409-9659
PCS.CTSCADMIN_hearing20@justice.gov.uk,1785-9365-7652-9501,1785-9366-7284-7518
PCS.CTSCADMIN_hearing19@justice.gov.uk,1785-9367-3465-6485,1785-9367-9034-2095
PCS.CTSCADMIN_hearing20@justice.gov.uk,1785-9367-9600-4343,1785-9368-7025-1984
PCS.CTSCADMIN_hearing19@justice.gov.uk,1785-9368-9873-0639,1785-9378-6029-0370
PCS.CTSCADMIN_hearing20@justice.gov.uk,1785-9378-7736-4598,1785-9379-3454-8506
PCS.CTSCADMIN_hearing19@justice.gov.uk,1785-9380-0105-5896,1785-9380-4222-4030
PCS.CTSCADMIN_hearing20@justice.gov.uk,1785-9398-1013-7727,1785-9398-1411-9564
PCS.CTSCADMIN_hearing19@justice.gov.uk,1785-9398-7144-7775,1785-9399-2905-3252
PCS.CTSCADMIN_hearing20@justice.gov.uk,1785-9399-8005-3100,1785-9400-0781-5463
PCS.CTSCADMIN_hearing19@justice.gov.uk,1785-9401-2420-5648,1785-9401-8481-0956
PCS.CTSCADMIN_hearing20@justice.gov.uk,1785-9403-0626-5899,1785-9403-6757-3835
PCS.CTSCADMIN_hearing19@justice.gov.uk,1785-9404-1820-9546,1785-9404-4651-8835
PCS.CTSCADMIN_hearing20@justice.gov.uk,1785-9404-6711-9901,1785-9404-9076-1471
PCS.CTSCADMIN_hearing19@justice.gov.uk,1785-9405-6240-3077,1785-9406-2051-7991
PCS.CTSCADMIN_hearing20@justice.gov.uk,1785-9406-8106-8728,1785-9407-3532-4747
PCS.CTSCADMIN_hearing19@justice.gov.uk,1785-9407-5691-6082,1785-9407-6236-8047
PCS.CTSCADMIN_hearing20@justice.gov.uk,1785-9408-2882-0007,1785-9408-8772-2698
PCS.CTSCADMIN_hearing19@justice.gov.uk,1785-9410-0253-4117,1785-9410-2328-6812
PCS.CTSCADMIN_hearing20@justice.gov.uk,1785-9410-7142-8944,1785-9410-9503-8018
PCS.CTSCADMIN_hearing19@justice.gov.uk,1785-9414-0662-6568,1785-9417-3904-4810
PCS.CTSCADMIN_hearing20@justice.gov.uk,1785-9420-6823-0764,1785-9424-2145-4762
PCS.CTSCADMIN_hearing19@justice.gov.uk,1786-0120-9922-3995,1786-0121-3392-5068
PCS.CTSCADMIN_hearing20@justice.gov.uk,1786-0121-7246-8822,1786-0122-1092-0404
PCS.CTSCADMIN_hearing19@justice.gov.uk,1786-0122-5151-7176,1786-0122-9105-7647
PCS.CTSCADMIN_hearing20@justice.gov.uk,1786-0123-3128-2106,1786-0123-7102-5381
PCS.CTSCADMIN_hearing19@justice.gov.uk,1786-0123-7970-6347,1786-0124-1068-2283
PCS.CTSCADMIN_hearing20@justice.gov.uk,1786-0124-1079-0102,1786-0124-4374-0959
PCS.CTSCADMIN_hearing19@justice.gov.uk,1786-0124-5108-6139,1786-0124-7892-1714
PCS.CTSCADMIN_hearing20@justice.gov.uk,1786-0125-1901-2994,1786-0125-5839-5714
PCS.CTSCADMIN_hearing19@justice.gov.uk,1786-0125-9868-2196,1786-0126-3864-9643
PCS.CTSCADMIN_hearing20@justice.gov.uk,1786-0126-4659-0011,1786-0126-7606-2394
PCS.CTSCADMIN_hearing19@justice.gov.uk,1786-0126-7698-4027,1786-0127-1044-7858
PCS.CTSCADMIN_hearing20@justice.gov.uk,1786-0127-1842-1897,1786-0127-4395-5133
PCS.CTSCADMIN_hearing19@justice.gov.uk,1786-0127-8449-4760,1786-0128-2393-9999
PCS.CTSCADMIN_hearing20@justice.gov.uk,1786-0128-6304-3835,1786-0129-0467-8185
PCS.CTSCADMIN_hearing19@justice.gov.uk,1786-0129-1234-3178,1786-0129-4133-6896
PCS.CTSCADMIN_hearing20@justice.gov.uk,1786-0129-4223-6780,1786-0129-8034-2565
PCS.CTSCADMIN_hearing19@justice.gov.uk,1786-0130-1241-7508,1786-0130-5372-7575
PCS.CTSCADMIN_hearing20@justice.gov.uk,1786-0130-9168-2261,1786-0131-3331-6597
PCS.CTSCADMIN_hearing19@justice.gov.uk,1786-0131-7453-7176,1786-0131-8029-0273
PCS.CTSCADMIN_hearing20@justice.gov.uk,1786-0132-0883-4516,1786-0132-1194-0722
PCS.CTSCADMIN_hearing19@justice.gov.uk,1786-0132-4690-1046,1786-0132-7540-0787
PCS.CTSCADMIN_hearing20@justice.gov.uk,1786-0132-7837-4583,1786-0133-1914-8624
PCS.CTSCADMIN_hearing19@justice.gov.uk,1786-0133-5992-5592,1786-0133-9928-2376
PCS.CTSCADMIN_hearing20@justice.gov.uk,1786-0134-4099-1215,1786-0134-4639-7946
PCS.CTSCADMIN_hearing19@justice.gov.uk,1786-0134-7389-1266,1786-0134-7778-5027
PCS.CTSCADMIN_hearing20@justice.gov.uk,1786-0135-1265-5367,1786-0135-4047-8956
PCS.CTSCADMIN_hearing19@justice.gov.uk,1786-0135-4267-5435,1786-0135-8489-5677
PCS.CTSCADMIN_hearing20@justice.gov.uk,1786-0136-2557-2947,1786-0136-6481-0760
PCS.CTSCADMIN_hearing19@justice.gov.uk,1786-0137-0674-5297,1786-0137-1187-3829
PCS.CTSCADMIN_hearing20@justice.gov.uk,1786-0137-3859-9951,1786-0137-4301-3782
PCS.CTSCADMIN_hearing19@justice.gov.uk,1786-0137-7824-6844,1786-0138-0507-1637
PCS.CTSCADMIN_hearing20@justice.gov.uk,1786-0138-0890-0972,1786-0138-4988-0886
PCS.CTSCADMIN_hearing19@justice.gov.uk,1786-0138-9113-3663,1786-0139-3075-1277
PCS.CTSCADMIN_hearing20@justice.gov.uk,1786-0139-7062-3055,1786-0139-7682-6223
PCS.CTSCADMIN_hearing19@justice.gov.uk,1786-0140-0373-3309,1786-0140-0881-8907
PCS.CTSCADMIN_hearing20@justice.gov.uk,1786-0140-4264-2800,1786-0140-7002-6397
PCS.CTSCADMIN_hearing19@justice.gov.uk,1786-0140-7304-4272,1786-0141-1379-6808
PCS.CTSCADMIN_hearing20@justice.gov.uk,1786-0141-5538-2988,1786-0141-9549-2995
PCS.CTSCADMIN_hearing19@justice.gov.uk,1786-0142-3448-1561,1786-0142-4030-3106
PCS.CTSCADMIN_hearing20@justice.gov.uk,1786-0142-6946-1900,1786-0142-7300-4589
PCS.CTSCADMIN_hearing19@justice.gov.uk,1786-0143-0749-3816,1786-0143-3481-4596
PCS.CTSCADMIN_hearing20@justice.gov.uk,1786-0143-3739-3747,1786-0143-8094-4081
PCS.CTSCADMIN_hearing19@justice.gov.uk,1786-0144-2174-7410,1786-0144-6376-7680
PCS.CTSCADMIN_hearing20@justice.gov.uk,1786-0145-0285-2899,1786-0145-1310-0023
PCS.CTSCADMIN_hearing19@justice.gov.uk,1786-0145-3793-3680,1786-0145-4096-8723
PCS.CTSCADMIN_hearing20@justice.gov.uk,1786-0145-7594-9853,1786-0146-0434-2880
PCS.CTSCADMIN_hearing19@justice.gov.uk,1786-0146-0649-3210,1786-0146-4715-0753
PCS.CTSCADMIN_hearing20@justice.gov.uk,1786-0147-1744-3419,1786-0147-3018-4933
PCS.CTSCADMIN_hearing19@justice.gov.uk,1786-0147-6927-6154,1786-0148-0616-3845
PCS.CTSCADMIN_hearing20@justice.gov.uk,1786-0148-4167-4145,1786-0148-7019-4882
PCS.CTSCADMIN_hearing19@justice.gov.uk,1786-0149-0142-5859,1786-0149-1250-2449
PCS.CTSCADMIN_hearing20@justice.gov.uk,1786-0149-8252-5841,1786-0149-9615-8241
PCS.CTSCADMIN_hearing19@justice.gov.uk,1786-0150-3444-7330,1786-0150-6928-8724
PCS.CTSCADMIN_hearing20@justice.gov.uk,1786-0150-7152-0593,1786-0150-9693-1668
PCS.CTSCADMIN_hearing19@justice.gov.uk,1786-0151-0652-0410,1786-0151-3538-5785
PCS.CTSCADMIN_hearing20@justice.gov.uk,1786-0151-6700-2266,1786-0151-7711-6031
PCS.CTSCADMIN_hearing19@justice.gov.uk,1786-0152-4757-3849,1786-0152-6132-7601
PCS.CTSCADMIN_hearing20@justice.gov.uk,1786-0152-9945-1217,1786-0153-3447-9835
PCS.CTSCADMIN_hearing19@justice.gov.uk,1786-0153-3591-2818,1786-0153-6182-3947
PCS.CTSCADMIN_hearing20@justice.gov.uk,1786-0153-7064-9937,1786-0154-0071-7464
PCS.CTSCADMIN_hearing19@justice.gov.uk,1787-7353-2044-6147,1787-7353-7008-7528
PCS.CTSCADMIN_hearing20@justice.gov.uk,1787-7354-2084-8119,1787-7358-3296-0429
PCS.CTSCADMIN_hearing19@justice.gov.uk,1786-0896-3500-2844,1786-0896-7367-1674
PCS.CTSCADMIN_hearing19@justice.gov.uk,1785-9356-0206-2206,1785-9357-2135-5820

