solicitor_username,Case_ID
pcs.ctscadmin_hearing24@justice.gov.uk,1786016586598397
pcs.ctscadmin_hearing25@justice.gov.uk,1786016626684801
pcs.ctscadmin_hearing24@justice.gov.uk,1786016658296615
pcs.ctscadmin_hearing25@justice.gov.uk,1786016695064174
pcs.ctscadmin_hearing24@justice.gov.uk,1786088862877027
pcs.ctscadmin_hearing25@justice.gov.uk,1786088898399186
pcs.ctscadmin_hearing24@justice.gov.uk,1786089017350761
pcs.ctscadmin_hearing25@justice.gov.uk,1786089056920193
pcs.ctscadmin_hearing24@justice.gov.uk,1786089097367883
pcs.ctscadmin_hearing25@justice.gov.uk,1786089137067105
pcs.ctscadmin_hearing24@justice.gov.uk,1785338581731083
pcs.ctscadmin_hearing25@justice.gov.uk,1785341020929664
pcs.ctscadmin_hearing24@justice.gov.uk,1787152684094242
pcs.ctscadmin_hearing25@justice.gov.uk,1787152689615884
pcs.ctscadmin_hearing24@justice.gov.uk,1785939175529716
pcs.ctscadmin_hearing25@justice.gov.uk,1785939277324081
pcs.ctscadmin_hearing24@justice.gov.uk,1785939446893883
pcs.ctscadmin_hearing25@justice.gov.uk,1789150770804142
pcs.ctscadmin_hearing24@justice.gov.uk,1789150788882643
pcs.ctscadmin_hearing25@justice.gov.uk,1789150806818793
pcs.ctscadmin_hearing24@justice.gov.uk,1789150823651151
pcs.ctscadmin_hearing25@justice.gov.uk,1789150824781007
pcs.ctscadmin_hearing24@justice.gov.uk,1789150843034933
pcs.ctscadmin_hearing25@justice.gov.uk,1789150860914355
pcs.ctscadmin_hearing24@justice.gov.uk,1789150867347617
pcs.ctscadmin_hearing25@justice.gov.uk,1789150878873973
pcs.ctscadmin_hearing24@justice.gov.uk,1789150896952338
pcs.ctscadmin_hearing25@justice.gov.uk,1789150902281680
pcs.ctscadmin_hearing24@justice.gov.uk,1789150914960289
pcs.ctscadmin_hearing25@justice.gov.uk,1789150932963448
pcs.ctscadmin_hearing24@justice.gov.uk,1789150942459304
pcs.ctscadmin_hearing25@justice.gov.uk,1789150950898310
pcs.ctscadmin_hearing24@justice.gov.uk,1789150968817799
pcs.ctscadmin_hearing25@justice.gov.uk,1789150986922357
pcs.ctscadmin_hearing24@justice.gov.uk,1789151004860678
pcs.ctscadmin_hearing25@justice.gov.uk,1789151022860684
pcs.ctscadmin_hearing24@justice.gov.uk,1789151040879344
pcs.ctscadmin_hearing25@justice.gov.uk,1789151059327599
pcs.ctscadmin_hearing24@justice.gov.uk,1789151076779509
pcs.ctscadmin_hearing25@justice.gov.uk,1789151094847023
pcs.ctscadmin_hearing24@justice.gov.uk,1789151112853284
pcs.ctscadmin_hearing25@justice.gov.uk,1789151130804483
pcs.ctscadmin_hearing24@justice.gov.uk,1789150410937542
pcs.ctscadmin_hearing25@justice.gov.uk,1789150428833402
pcs.ctscadmin_hearing24@justice.gov.uk,1789150446883918
pcs.ctscadmin_hearing25@justice.gov.uk,1789150464849718
pcs.ctscadmin_hearing24@justice.gov.uk,1789150482806971
pcs.ctscadmin_hearing25@justice.gov.uk,1789150500904717
pcs.ctscadmin_hearing24@justice.gov.uk,1789150518843139
pcs.ctscadmin_hearing25@justice.gov.uk,1789150532356514
