Username,password,clientsecret,xui-webapp
pcs-solicitor131@test.com,UGEkJHcwcmQ=,Tk9DRkxHVlk0QUxHMzRTRA==,s%3ATlvgnTD7NyFBXgf0isbN06TyMtE6eAKk.Tu0%2BBxSL%2FpdbAks5KTJHw98aFX1Pe2Jdr7S9fhlkE0I
pcs-solicitor132@test.com,UGEkJHcwcmQ=,Tk9DRkxHVlk0QUxHMzRTRA==,s%3AuItn6JCmaIFBMdkeiXlc5C3WN93tOVDz.9PloAuEPYAoBynEnrEnOkSKZu5Djmlhp%2BevbTi4a0%2BY
pcs-solicitor133@test.com,UGEkJHcwcmQ=,Tk9DRkxHVlk0QUxHMzRTRA==,s%3AbSU7QZnxAB-UW4gNVYk_XS9ZquAsirR6.xE8HM2kNGi%2BC4bKxDbWK89FiMqXFAL15XozujfFTnuM
pcs-solicitor134@test.com,UGEkJHcwcmQ=,Tk9DRkxHVlk0QUxHMzRTRA==,s%3A9lSVu5dUhO2b7OtXCutTo2xPZ0gEc3h-.9rSzPqcRKMb9PXZTSFKF5QyQe5M0A2stNe5mBqGKMfQ
pcs-solicitor135@test.com,UGEkJHcwcmQ=,Tk9DRkxHVlk0QUxHMzRTRA==,s%3AjnbzQ7JSe7mW7drtL9OOyYV_gp0p_ZN_.jeM%2B1%2BYv%2Bq%2B9YUzzJIClZjQqvtxWusPXQ3cg72mqOE0
pcs-solicitor136@test.com,UGEkJHcwcmQ=,Tk9DRkxHVlk0QUxHMzRTRA==,s%3Aj5byJuqMJ_7PAPXtj-nRlrpL_JfEfH_1.XeD7%2Fyhzus5f8MH05qZ%2FEZ2de31wdlXr%2FkJWtGtdkwA
pcs-solicitor137@test.com,UGEkJHcwcmQ=,Tk9DRkxHVlk0QUxHMzRTRA==,s%3AOfAGLsANiaQ1Lzcec20qrMaj1nHuKAAL.3KS%2Bvyci8OBP1olnjZg3b8Iinm%2FdwWZ2ZPL35DugwKs
pcs-solicitor138@test.com,UGEkJHcwcmQ=,Tk9DRkxHVlk0QUxHMzRTRA==,s%3Ab63G4ZKgkBu9fKyiJeo3fqhiG5gg9Mrx.kQYGXdPRnZ%2BTRWI35t%2FVl9%2FNWTNk3q3E0w35viLFdU8
pcs-solicitor139@test.com,UGEkJHcwcmQ=,Tk9DRkxHVlk0QUxHMzRTRA==,s%3AmmTeSn6h56IgUTvPrKby84Sovrilcnrp.RBd4AN5tDl4MyizmRv%2BVtcMySa433F1AbY4jaVXrb2o
pcs-solicitor140@test.com,UGEkJHcwcmQ=,Tk9DRkxHVlk0QUxHMzRTRA==,s%3Aij8XmzNz83Jou-9N9zIj0tqoZue1SNAt.r6%2F8EeKsfcOxr2tQqUxigM8nCLVhLRXAAkqq3fnDAkE