solicitor_username,Case_ID,admin_username
pcs-solicitor161,1785831479707264,PCS-CTSC-Admin402@hmcts.net
pcs-solicitor161,1785831932886937,PCS-CTSC-Admin403@hmcts.net
pcs-solicitor162,1785831972230525,PCS-CTSC-Admin404@hmcts.net
pcs-solicitor163,1785832011175788,PCS-CTSC-Admin405@hmcts.net
pcs-solicitor164,1785832050678601,PCS-CTSC-Admin406@hmcts.net
pcs-solicitor165,1785832089952969,PCS-CTSC-Admin407@hmcts.net
pcs-solicitor166,1785832128627101,PCS-CTSC-Admin408@hmcts.net
pcs-solicitor167,1785832168239312,PCS-CTSC-Admin409@hmcts.net
pcs-solicitor169,1785832303507706,PCS-CTSC-Admin411@hmcts.net
pcs-solicitor170,1785832342179020,PCS-CTSC-Admin412@hmcts.net
pcs-solicitor171,1785832380747340,PCS-CTSC-Admin413@hmcts.net
pcs-solicitor172,1785832419342717,PCS-CTSC-Admin414@hmcts.net
pcs-solicitor173,1785832458004350,PCS-CTSC-Admin415@hmcts.net
pcs-solicitor174,1785832500630004,PCS-CTSC-Admin416@hmcts.net
pcs-solicitor175,1785832539552963,PCS-CTSC-Admin417@hmcts.net
pcs-solicitor176,1785832579992335,PCS-CTSC-Admin418@hmcts.net
pcs-solicitor177,1785832618356229,PCS-CTSC-Admin419@hmcts.net
pcs-solicitor178,1785832657933979,PCS-CTSC-Admin420@hmcts.net
pcs-solicitor179,1785832696357693,PCS-CTSC-Admin402@hmcts.net
pcs-solicitor180,1785832740695395,PCS-CTSC-Admin403@hmcts.net
pcs-solicitor161,1785832780411513,PCS-CTSC-Admin404@hmcts.net
pcs-solicitor162,1785832818787041,PCS-CTSC-Admin405@hmcts.net
pcs-solicitor161,1785832930003558,PCS-CTSC-Admin406@hmcts.net
pcs-solicitor162,1785832968796065,PCS-CTSC-Admin407@hmcts.net
pcs-solicitor163,1785833008891890,PCS-CTSC-Admin408@hmcts.net
pcs-solicitor164,1785833047522522,PCS-CTSC-Admin409@hmcts.net
pcs-solicitor165,1785833086496356,PCS-CTSC-Admin410@hmcts.net
pcs-solicitor166,1785833125009210,PCS-CTSC-Admin411@hmcts.net
pcs-solicitor167,1785833163313854,PCS-CTSC-Admin412@hmcts.net
pcs-solicitor168,1785833201526459,PCS-CTSC-Admin413@hmcts.net
pcs-solicitor169,1785833239850012,PCS-CTSC-Admin414@hmcts.net
pcs-solicitor170,1785833278103109,PCS-CTSC-Admin415@hmcts.net
pcs-solicitor171,1785833316677247,PCS-CTSC-Admin416@hmcts.net
pcs-solicitor172,1785833355140594,PCS-CTSC-Admin417@hmcts.net
pcs-solicitor173,1785833394165693,PCS-CTSC-Admin418@hmcts.net
pcs-solicitor174,1785833432451394,PCS-CTSC-Admin419@hmcts.net
pcs-solicitor175,1785833470792915,PCS-CTSC-Admin420@hmcts.net
pcs-solicitor176,1785833509064120,PCS-CTSC-Admin402@hmcts.net
pcs-solicitor177,1785833547473788,PCS-CTSC-Admin403@hmcts.net
pcs-solicitor178,1785833587288526,PCS-CTSC-Admin404@hmcts.net
pcs-solicitor179,1785833625548022,PCS-CTSC-Admin405@hmcts.net
pcs-solicitor180,1785833663990961,PCS-CTSC-Admin406@hmcts.net
pcs-solicitor161,1785833702175376,PCS-CTSC-Admin407@hmcts.net
pcs-solicitor162,1785833740351955,PCS-CTSC-Admin408@hmcts.net
pcs-solicitor163,1785833778845456,PCS-CTSC-Admin409@hmcts.net
pcs-solicitor164,1785833818015508,PCS-CTSC-Admin410@hmcts.net
pcs-solicitor165,1785833856490654,PCS-CTSC-Admin411@hmcts.net
pcs-solicitor166,1785833894741654,PCS-CTSC-Admin412@hmcts.net
pcs-solicitor167,1785833932949707,PCS-CTSC-Admin413@hmcts.net
pcs-solicitor168,1785833971564367,PCS-CTSC-Admin414@hmcts.net
pcs-solicitor169,1785834009806267,PCS-CTSC-Admin415@hmcts.net
pcs-solicitor170,1785834048162862,PCS-CTSC-Admin416@hmcts.net
pcs-solicitor171,1785834086736304,PCS-CTSC-Admin417@hmcts.net
pcs-solicitor172,1785834124889420,PCS-CTSC-Admin418@hmcts.net
pcs-solicitor173,1785834162949136,PCS-CTSC-Admin419@hmcts.net
pcs-solicitor174,1785834201212736,PCS-CTSC-Admin420@hmcts.net
pcs-solicitor175,1785834239480750,PCS-CTSC-Admin402@hmcts.net
pcs-solicitor176,1785834278173365,PCS-CTSC-Admin403@hmcts.net
pcs-solicitor177,1785834316469940,PCS-CTSC-Admin404@hmcts.net
pcs-solicitor178,1785834355018111,PCS-CTSC-Admin405@hmcts.net
pcs-solicitor179,1785834394250345,PCS-CTSC-Admin406@hmcts.net
pcs-solicitor180,1785834432634195,PCS-CTSC-Admin407@hmcts.net
pcs-solicitor161,1785834471793811,PCS-CTSC-Admin408@hmcts.net
pcs-solicitor162,1785834510181176,PCS-CTSC-Admin409@hmcts.net
pcs-solicitor163,1785834549713445,PCS-CTSC-Admin410@hmcts.net
pcs-solicitor164,1785834588215377,PCS-CTSC-Admin411@hmcts.net
pcs-solicitor165,1785834626540216,PCS-CTSC-Admin412@hmcts.net
pcs-solicitor166,1785834664926293,PCS-CTSC-Admin413@hmcts.net
pcs-solicitor167,1785834703518234,PCS-CTSC-Admin414@hmcts.net
pcs-solicitor168,1785834742049274,PCS-CTSC-Admin415@hmcts.net
pcs-solicitor169,1785834780445681,PCS-CTSC-Admin416@hmcts.net
pcs-solicitor170,1785834819197790,PCS-CTSC-Admin417@hmcts.net
pcs-solicitor161,1785835343662449,PCS-CTSC-Admin418@hmcts.net
pcs-solicitor162,1785835383511605,PCS-CTSC-Admin419@hmcts.net
pcs-solicitor163,1785835426195317,PCS-CTSC-Admin420@hmcts.net
,,
,,
,,
,,
,,
,,