AdminEmail_XUI,Case_ID
pcs.ctscadmin_hearing21@justice.gov.uk,1786089156601529
pcs.ctscadmin_hearing22@justice.gov.uk,1786089175998906
pcs.ctscadmin_hearing21@justice.gov.uk,1786089183683136
pcs.ctscadmin_hearing22@justice.gov.uk,1786089216473257
pcs.ctscadmin_hearing21@justice.gov.uk,1786089293635463
pcs.ctscadmin_hearing22@justice.gov.uk,1786089327967726
pcs.ctscadmin_hearing21@justice.gov.uk,1786089367962587
pcs.ctscadmin_hearing22@justice.gov.uk,1786089407381269
pcs.ctscadmin_hearing21@justice.gov.uk,1786089423915546
pcs.ctscadmin_hearing22@justice.gov.uk,1786089444623939
pcs.ctscadmin_hearing21@justice.gov.uk,1785935988830366
pcs.ctscadmin_hearing22@justice.gov.uk,1785936045864927
pcs.ctscadmin_hearing21@justice.gov.uk,1789150536722117
pcs.ctscadmin_hearing22@justice.gov.uk,1789150554934743
pcs.ctscadmin_hearing21@justice.gov.uk,1789150572933115
pcs.ctscadmin_hearing22@justice.gov.uk,1789150574627129
pcs.ctscadmin_hearing21@justice.gov.uk,1789150590718662
pcs.ctscadmin_hearing22@justice.gov.uk,1789150608745590
pcs.ctscadmin_hearing21@justice.gov.uk,1789150612300135
pcs.ctscadmin_hearing22@justice.gov.uk,1789150626836843
pcs.ctscadmin_hearing21@justice.gov.uk,1789150644804534
pcs.ctscadmin_hearing22@justice.gov.uk,1789150652694678
pcs.ctscadmin_hearing21@justice.gov.uk,1789150662848231
pcs.ctscadmin_hearing22@justice.gov.uk,1789150680957816
pcs.ctscadmin_hearing21@justice.gov.uk,1789150693384628
pcs.ctscadmin_hearing22@justice.gov.uk,1789150698833058
pcs.ctscadmin_hearing21@justice.gov.uk,1789150716726623
pcs.ctscadmin_hearing22@justice.gov.uk,1789150734825878
pcs.ctscadmin_hearing21@justice.gov.uk,1789150752984219
pcs.ctscadmin_hearing22@justice.gov.uk,1788717433640203
pcs.ctscadmin_hearing21@justice.gov.uk,1788717434450164
pcs.ctscadmin_hearing22@justice.gov.uk,1788717456992481
pcs.ctscadmin_hearing21@justice.gov.uk,1788717480324842
pcs.ctscadmin_hearing22@justice.gov.uk,1788717482446585
pcs.ctscadmin_hearing21@justice.gov.uk,1788717499547003
pcs.ctscadmin_hearing22@justice.gov.uk,1788717499922834
pcs.ctscadmin_hearing21@justice.gov.uk,1788717523071640
pcs.ctscadmin_hearing22@justice.gov.uk,1788717546387205
pcs.ctscadmin_hearing21@justice.gov.uk,1788717547960497
pcs.ctscadmin_hearing22@justice.gov.uk,1788717565585788
pcs.ctscadmin_hearing21@justice.gov.uk,1788717565501405
pcs.ctscadmin_hearing22@justice.gov.uk,1788717589392112
pcs.ctscadmin_hearing21@justice.gov.uk,1788717613003032
pcs.ctscadmin_hearing22@justice.gov.uk,1788717613771679
pcs.ctscadmin_hearing21@justice.gov.uk,1788717631220709
pcs.ctscadmin_hearing22@justice.gov.uk,1788717666322743
pcs.ctscadmin_hearing21@justice.gov.uk,1788717692776441
pcs.ctscadmin_hearing22@justice.gov.uk,1788717696283071
pcs.ctscadmin_hearing21@justice.gov.uk,1788717713094915
pcs.ctscadmin_hearing22@justice.gov.uk,1788717736792792


