email,userId,httpCode,result,message
pcs-solicitor502@test.com,0a5e48ea-2897-4a15-aeac-dd18d507b59c,200,SUCCESS,User refreshed successfully
pcs-org1-solicitor2@test.com,40a5436a-940c-49ef-8382-4b2d44e83e57,200,SUCCESS,User refreshed successfully
possessionsuser2@test.com,d85eb06c-6e1f-4485-923c-310063a31114,200,SUCCESS,User refreshed successfully
pcs-solicitor506@test.com,00e64c57-2131-4782-8b21-ea6eb4fa73f0,200,SUCCESS,User refreshed successfully
pcs-solicitor507@test.com,eada3724-86be-4c5b-97de-0bd621ad39c8,200,SUCCESS,User refreshed successfully
pcs-solicitor508@test.com,e8e31c07-bbf7-4526-a4b3-33503c514e47,200,SUCCESS,User refreshed successfully
pcs-solicitor509@test.com,1ce8e2c2-a615-4d85-bb83-7b4b9156518a,200,SUCCESS,User refreshed successfully
pcs-solicitor510@test.com,66332484-8f9e-43e0-82a9-097ccc9535d9,200,SUCCESS,User refreshed successfully
pcs-solicitor511@test.com,ca486bcc-e8f6-4db3-bd6c-19f6c7507ccc,200,SUCCESS,User refreshed successfully
pcs-solicitor512@test.com,c6f24273-f067-484a-bd67-a000becff942,200,SUCCESS,User refreshed successfully
pcs-solicitor513@test.com,1d79c595-fd31-434c-9425-731679279d85,200,SUCCESS,User refreshed successfully
pcs-solicitor514@test.com,10fb47e3-be51-4b1c-bb42-2bf2458170b6,200,SUCCESS,User refreshed successfully
pcs-solicitor515@test.com,797eb284-19d9-4982-bd9b-082bd6d98816,200,SUCCESS,User refreshed successfully
pcs-solicitor516@test.com,d9ab7ce3-2f3d-4b4d-875f-f8d20f836cd7,200,SUCCESS,User refreshed successfully
pcs-solicitor517@test.com,ab61a549-efff-4ee1-b168-99e16b2d9041,200,SUCCESS,User refreshed successfully
pcs-solicitor518@test.com,882f96ed-0fa8-4588-bbc4-f3b7fd4d4faa,200,SUCCESS,User refreshed successfully
pcs-solicitor519@test.com,395529b1-4e35-4579-b4c4-be177f0a3299,200,SUCCESS,User refreshed successfully
pcs-solicitor520@test.com,f288ede5-fbc9-4d5e-8a9d-1af8f3b6b018,200,SUCCESS,User refreshed successfully
pcs-solicitor521@test.com,d7064a11-19b0-4bda-8d59-5232d7803fe9,200,SUCCESS,User refreshed successfully
pcs-solicitor505@test.com,5263e26b-b003-442e-92cc-1b88e9efb72e,200,SUCCESS,User refreshed successfully
pcs-solicitor501@test.com,e7f25eb7-bb3a-4583-8ffc-a1aa88f47b98,200,SUCCESS,User refreshed successfully
