username,Case_ID
PCS-CTSC-Admin401,1785831479707264
PCS-CTSC-Admin402,1785831932886937
PCS-CTSC-Admin403,1785831972230525
PCS-CTSC-Admin404,1785832011175788
PCS-CTSC-Admin405,1785832050678601
PCS-CTSC-Admin406,1785832089952969
PCS-CTSC-Admin407,1785832128627101
PCS-CTSC-Admin408,1785832168239312
PCS-CTSC-Admin409,1785832303507706
PCS-CTSC-Admin410,1785832342179020
PCS-CTSC-Admin411,1785832380747340
PCS-CTSC-Admin412,1785832419342717
PCS-CTSC-Admin413,1785832458004350
PCS-CTSC-Admin414,1785832500630004
PCS-CTSC-Admin415,1785832539552963
PCS-CTSC-Admin416,1785832579992335
PCS-CTSC-Admin417,1785832618356229
PCS-CTSC-Admin418,1785832657933979
PCS-CTSC-Admin419,1785832696357693
PCS-CTSC-Admin420,1785832740695395
PCS-CTSC-Admin421,1785832780411513
PCS-CTSC-Admin423,1785832930003558
PCS-CTSC-Admin424,1785832968796065
PCS-CTSC-Admin425,1785833008891890
PCS-CTSC-Admin426,1785833047522522
PCS-CTSC-Admin427,1785833086496356
PCS-CTSC-Admin428,1785833125009210
PCS-CTSC-Admin429,1785833163313854
PCS-CTSC-Admin430,1785833201526459
PCS-CTSC-Admin431,1785833239850012
PCS-CTSC-Admin432,1785833278103109
PCS-CTSC-Admin433,1785833316677247
PCS-CTSC-Admin434,1785833355140594
PCS-CTSC-Admin435,1785833394165693
PCS-CTSC-Admin436,1785833432451394
PCS-CTSC-Admin437,1785833470792915
PCS-CTSC-Admin438,1785833509064120
PCS-CTSC-Admin439,1785833547473788
PCS-CTSC-Admin440,1785833587288526
PCS-CTSC-Admin441,1785833625548022
PCS-CTSC-Admin442,1785833663990961
PCS-CTSC-Admin443,1785833702175376
PCS-CTSC-Admin444,1785833740351955
PCS-CTSC-Admin445,1785833778845456
PCS-CTSC-Admin446,1785833818015508
PCS-CTSC-Admin447,1785833856490654
PCS-CTSC-Admin448,1785833894741654
PCS-CTSC-Admin449,1785833932949707
PCS-CTSC-Admin450,1785833971564367
PCS-CTSC-Admin451,1785834009806267
PCS-CTSC-Admin452,1785834048162862
PCS-CTSC-Admin453,1785834086736304
PCS-CTSC-Admin454,1785834124889420
PCS-CTSC-Admin455,1785834162949136
PCS-CTSC-Admin456,1785834201212736
PCS-CTSC-Admin457,1785834239480750
PCS-CTSC-Admin458,1785834278173365
PCS-CTSC-Admin459,1785834316469940
PCS-CTSC-Admin460,1785834355018111
PCS-CTSC-Admin461,1785834394250345
PCS-CTSC-Admin462,1785834432634195
PCS-CTSC-Admin463,1785834471793811
PCS-CTSC-Admin464,1785834510181176
PCS-CTSC-Admin465,1785834549713445
PCS-CTSC-Admin466,1785834588215377
PCS-CTSC-Admin467,1785834626540216
PCS-CTSC-Admin468,1785834664926293
PCS-CTSC-Admin469,1785834703518234
PCS-CTSC-Admin470,1785834742049274
PCS-CTSC-Admin471,1785834780445681
PCS-CTSC-Admin472,1785834819197790
PCS-CTSC-Admin473,1785835343662449
PCS-CTSC-Admin474,1785835383511605
PCS-CTSC-Admin475,1785835426195317
PCS-CTSC-Admin476,1785835474752811
PCS-CTSC-Admin477,1785835513445526
PCS-CTSC-Admin478,1785835552607580
PCS-CTSC-Admin479,1785835590857775
PCS-CTSC-Admin480,1785835630767802
PCS-CTSC-Admin481,1785835670195849